{
  "best_epoch": 2850,
  "dev_loss": [
    0.6943298353968765,
    0.6892165781358911,
    0.685611798506327,
    0.6837242590211512,
    0.6825981385068016,
    0.6818017345548258,
    0.6811394733368292,
    0.6805241053708366,
    0.6799186986952429,
    0.6793096423139832,
    0.6786938603828964,
    0.6780727222388504,
    0.6774491710620124,
    0.676826415601827,
    0.6762073798535143,
    0.6755945140717508,
    0.6749897710164121,
    0.6743946511804967,
    0.673810270827074,
    0.6732374317369075,
    0.6726766839710749,
    0.6721283789182183,
    0.6715927126099983,
    0.6710697603867248,
    0.670559504316705,
    0.6700618547435643,
    0.6695766671678209,
    0.6691037554640653,
    0.6686429022387079,
    0.6681938669629043,
    0.6677563923750194,
    0.6673302095350506,
    0.6669150418257683,
    0.6665106081275294,
    0.6661166253416575,
    0.6657328103974979,
    0.6653588818478949,
    0.6649945611347037,
    0.6646395735882547,
    0.6642936492111681,
    0.6639565232865016,
    0.6636279368421921,
    0.6633076369975114,
    0.6629953772123846,
    0.6626909174565878,
    0.6623940243128046,
    0.6621044710250893,
    0.6618220375023368,
    0.6615465102847717,
    0.6612776824801678,
    0.6610153536754533,
    0.6607593298284555,
    0.6605094231438139,
    0.6602654519364594,
    0.6600272404855407,
    0.6597946188812305,
    0.6595674228664694,
    0.6593454936753819,
    0.6591286778698255,
    0.6589168271752953
  ],
  "train_loss": [
    0.6931471805599452,
    0.6761742088316914,
    0.6664193611273386,
    0.6604038684439468,
    0.6564212977597015,
    0.653594913814522,
    0.6514586387154152,
    0.6497549866695737,
    0.6483359977513541,
    0.6471132342857441,
    0.6460317290450485,
    0.6450559822501315,
    0.644162204058695,
    0.6433338879156805,
    0.6425592089953228,
    0.6418294491845842,
    0.6411380146553857,
    0.6404798046459236,
    0.6398507940703845,
    0.6392477499277422,
    0.6386680337573839,
    0.6381094609306707,
    0.6375701984466576,
    0.6370486894270828,
    0.6365435965140595,
    0.6360537588958823,
    0.6355781593126175,
    0.6351158984675145,
    0.6346661749966326,
    0.6342282696507289,
    0.6338015326965968,
    0.6333853737978309,
    0.6329792538185108,
    0.6325826781281607,
    0.6321951910864098,
    0.6318163714606824,
    0.6314458285866751,
    0.6310831991241638,
    0.630728144293277,
    0.630380347501317,
    0.6300395122893897,
    0.6297053605428905,
    0.6293776309213601,
    0.6290560774721269,
    0.628740468399109,
    0.6284305849635976,
    0.6281262204981294,
    0.6278271795179504,
    0.6275332769172606,
    0.6272443372395808,
    0.626960194013311,
    0.6266806891449342,
    0.6264056723634595,
    0.6261350007106139,
    0.6258685380720587,
    0.6256061547455275,
    0.6253477270423149,
    0.6250931369189762,
    0.624842271636477,
    0.6245950234443406
  ]
}