accuracy,macro_precision,macro_recall,macro_f1,tp,tn,fp,fn
0.6344339622641509,0.6344339622641509,0.6351103557771864,0.6339758620113506,127,142,85,70
