accuracy,macro_precision,macro_recall,macro_f1,tp,tn,fp,fn
0.6116700201207244,0.6158597960906553,0.6184088269454123,0.6106043445255,139,165,122,71
