eval_language,context_label,mean_abs_gap,max_abs_gap,mean_signed_gap,n_variants
EN,Full,0.024376634800474094,0.05370687441532132,-0.014137710817353717,6
EN,Target,0.019105481288250507,0.059543874386020504,-0.019105481288250507,6
PT,Full,0.01941425324244755,0.039219401288366804,0.009886899107297184,6
PT,Target,0.00810664566168085,0.032961462503509203,0.0037728127935310503,6
