model_family,eval_language,gain
logreg_tfidf,EN,-0.0051432156695805364
logreg_word2vec,EN,0.012184187748789155
mBERT,EN,0.05510133509061721
logreg_tfidf,PT,0.0004251316098920488
logreg_word2vec,PT,0.0004251316098920488
mBERT,PT,0.11713900938848187
