model_family,eval_language,gain
logreg_tfidf,EN,0.02281051736660067
logreg_tfidf,PT,0.0004251316098920488
logreg_word2vec,EN,1.0083058742171858e-05
logreg_word2vec,PT,0.0004251316098920488
mBERT,EN,0.06859493848993248
mBERT,PT,0.0414283676284154
