accuracy,macro_precision,macro_recall,macro_f1,tp,tn,fp,fn
0.5774647887323944,0.2887323943661972,0.5,0.36607142857142855,0,287,0,210
