model_family,eval_language,gain
logreg_tfidf,EN,0.0022144998283493145
logreg_word2vec,EN,0.020589763982798326
mBERT,EN,0.07309311378265104
logreg_tfidf,PT,0.0
logreg_word2vec,PT,0.0
mBERT,PT,0.050613275613275555
