{
  "accuracy": 0.5613682092555332,
  "confusion_matrix_values": {
    "fn": 129,
    "fp": 89,
    "tn": 198,
    "tp": 81
  },
  "macro_f1": 0.5356334647694154,
  "macro_precision": 0.5409875876956287,
  "macro_recall": 0.5378048780487805
}