accuracy,macro_precision,macro_recall,macro_f1,tp,tn,fp,fn
0.5774647887323944,0.54923273657289,0.533855981416957,0.5128542623501736,53,234,53,157
