accuracy,macro_precision,macro_recall,macro_f1,tp,tn,fp,fn
0.5613682092555332,0.5409875876956287,0.5378048780487805,0.5356334647694154,81,198,89,129
